"source_row","fitted","residual","studentized_residual","leverage","cooks_distance"
1,-0.698670076751576,0.704990076751576,0.110132719893496,0.0201050699429742,0.0000191816766272991
2,-0.946725031583142,0.974035031583142,0.151547472014601,0.0121123425748618,0.0000217038195679278
3,-4.04314727124332,4.07043727124332,0.63367201068947,0.0124868011599558,0.000391040285048209
4,-4.31232742847363,4.34469742847363,0.677864276679427,0.0167260755660826,0.0006019190300853
5,-4.51016966297847,4.57921966297847,0.7160941753216,0.0211174007467114,0.000851797161771613
6,-3.33114924237719,3.36099924237719,0.523871089013819,0.0151600062073122,0.000325445930217405
7,0.720891449840354,-0.632601449840354,-0.0985081898500787,0.0138118494037084,0.0000104753038806101
8,0.410219997810128,-0.265669997810128,-0.0418271618702225,0.0352710738547809,0.00000493022904465055
9,3.76232720953447,-3.55108720953447,-0.564808578656707,0.0541176211087811,0.00140592157027045
10,1.18367886653395,-1.01363886653395,-0.159063774485303,0.0288600933635214,0.0000579528274501604
11,2.9827441483818,-2.7578541483818,-0.434353488821423,0.0355982505937369,0.000536573544103556
12,1.02763692952977,-0.910166929529771,-0.142469206172177,0.0239916421667905,0.0000384564326660073
13,1.49722377140175,-1.40344377140175,-0.218927458138175,0.0171949099810367,0.0000646292531728138
14,-1.56739024750869,2.19715024750869,0.342141458140952,0.0136138780059478,0.00012450346854528
15,-0.483863332627269,1.12182333262727,0.174760370580515,0.0145706175396427,0.0000348056598104028
16,-1.28458444615391,1.91197444615391,0.297758905855858,0.0138376275753121,0.0000958744619331135
17,-2.16450475550706,3.21843475550706,0.5034997889445,0.0224250153235237,0.000448018551910763
18,0.424495736274654,0.359704263725346,0.055955364113343,0.0117973619979483,0.00000288109812350624
19,-0.413812474234546,1.21652247423455,0.190170202805633,0.0213604080092335,0.0000608384644394051
20,0.111918407338003,0.613881592661997,0.0955178399259208,0.0122573274658434,0.00000872672656008347
21,2.35167857083548,-1.09988857083548,-0.171671328404442,0.0183348293135845,0.0000424249632466846
22,0.0723078203529424,0.779732179647058,0.121405766361044,0.0135823764637593,0.0000156429632163831
23,1.86432074243645,-0.631850742436448,-0.0984822303908537,0.0156323431039844,0.0000118716858956025
24,1.84566777278887,-0.85723777278887,-0.133792571340126,0.018274833566682,0.0000256832613218309
25,0.873385664266607,-0.123125664266607,-0.0191887400234922,0.0154447184505433,0.000000445216187630091
26,1.023685608303,-0.183145608303001,-0.0285203778532594,0.0139051012617955,0.000000884104782666362
27,0.0940723141097217,0.577837685890278,0.0900526387849956,0.0153961655625365,0.00000977406544138749
28,1.21284835232232,-0.257078352322316,-0.040046542943524,0.0145425098638893,0.0000018241837519625
29,0.0745044793467801,0.69848552065322,0.108947048323434,0.0170534975539213,0.0000158723965637468
30,-0.274519132180691,1.27696913218069,0.198993961020544,0.0151921909894284,0.0000470817105422768
31,2.42193302203982,-1.29112302203982,-0.20162890999031,0.0193793012327159,0.0000619220380335359
32,0.978382262630938,0.376337737369062,0.0587586553876682,0.0190419971509755,0.00000516584291461164
33,3.42646785307126,-2.03847785307126,-0.320343932961013,0.0314878148899957,0.000257109622407384
34,2.18695715891049,-1.03523715891049,-0.161361908871484,0.0156803208629185,0.0000319695338717329
35,2.6496913448421,-1.0368713448421,-0.161816728221741,0.0181129055953444,0.0000372296329807804
36,2.08906188132672,-2.02489188132672,-0.315019388149991,0.0117832155186242,0.0000911878629042706
37,2.01721789294463,-1.91977789294463,-0.298390268414515,0.00997360141118222,0.0000691248848121592
38,0.890156047326246,-0.810016047326246,-0.126017877351535,0.0119646817113839,0.0000148223630825511
39,0.435219762308529,-0.260169762308529,-0.0405515632188978,0.0156820227936059,0.00000201938384384131
40,0.577878564311373,-0.550248564311373,-0.0864459625312804,0.0311187980914296,0.0000185000789321882
41,-0.374253555735394,0.407843555735394,0.064128798760152,0.0327913871351057,0.0000107468373797347
42,-2.28843776436978,2.41587776436978,0.378743480848388,0.0267560553033684,0.000303880314827972
43,-2.24884185925936,2.39034185925936,0.373935058301082,0.0225678930296826,0.000248777922589298
44,-1.86406399537161,2.02342399537161,0.316581068449477,0.0229250111910959,0.000181218088700179
45,-0.918720142282125,1.04141014228213,0.161950273945686,0.0111306663415822,0.000022754167065393
46,-0.019034661229246,0.190454661229246,0.0296581358030807,0.0138753481139914,0.000000953976021553814
47,0.439631087143383,-0.251271087143383,-0.0391405244406644,0.0144727549634908,0.00000173409532356194
48,1.3462061884002,-1.1169361884002,-0.174655850754341,0.0219683724116897,0.0000528108063023532
49,2.90935782197181,-2.65548782197181,-0.421955906895025,0.0525699658363974,0.000761212685361292
50,-0.283250249714342,0.503020249714342,0.0784417077982576,0.0166280559356065,0.00000801956435350725
51,0.806814130706741,-0.718084130706741,-0.111769885667966,0.0129308058779359,0.0000126140644126588
52,0.153709837238777,-0.110339837238777,-0.0172036063877634,0.0163027207394398,0.000000378073133712535
53,-1.12797473996524,1.18157473996524,0.183949424048607,0.013286830460862,0.0000351184977556828
54,-0.661548339072986,0.711358339072986,0.11076610883288,0.0136991415154877,0.0000131348577556915
55,0.689807386917915,-0.676207386917915,-0.107392507550869,0.0518925445378793,0.000048654571821934
56,-0.810742305234879,0.823852305234879,0.129854652722259,0.037426053975552,0.0000505334032347543
57,-1.62992549722966,1.65047549722966,0.259224668761043,0.0304720269859164,0.000162769417386023
58,1.10409938329608,-1.08977938329608,-0.172039607789585,0.0404183400724282,0.0000960872493382262
59,-0.297533070471982,0.451983070471982,0.0705444162889494,0.018344811380298,0.00000716825826808453
60,1.58548473931032,-1.48220473931032,-0.230810385764346,0.0137471982250826,0.0000572305711755004
61,1.89893392936517,-1.74961392936517,-0.273296257129845,0.0197913315850682,0.00011622415109717
62,3.20245377477974,-3.03074377477974,-0.476100684532923,0.0305254836134542,0.00054987274187479
63,0.685849493698824,-0.575579493698824,-0.089959392212673,0.0210505427838187,0.0000134130447792574
64,-0.0973371727403498,0.22383717274035,0.0349846534227117,0.0210829836714996,0.00000203178958700005
65,-5.34250919788454,5.36201919788454,0.849111171850838,0.045009380125189,0.00261538446271314
66,2.28248827258705,-2.24664827258705,-0.352693856638847,0.0294460142083655,0.000290824697323535
67,3.63021449403838,-3.58642449403838,-0.56377832091591,0.0316716607575702,0.000800797901979494
68,-1.29273138601355,1.35062138601355,0.210340684817598,0.0139583598215735,0.0000482708685281312
69,0.220468717804886,-0.0849287178048865,-0.0132199111065207,0.0130668302393504,0.00000017835195869002
70,-0.960334641827025,1.08849464182702,0.169311801469974,0.0115858380118345,0.000025898589658235
71,-1.21931701638289,1.30757701638289,0.204837095612762,0.0254819236032324,0.0000845592178972087
72,-0.526595736745052,0.685355736745052,0.107029325844708,0.01944453958573,0.0000175089230551703
73,-1.30019331782628,1.39183331782628,0.217923602229327,0.0244638593764731,0.0000917881659413391
74,-1.03728876206276,1.23267876206276,0.193088666594148,0.0253365164107526,0.0000746984050711482
75,-0.174035078393208,0.252995078393208,0.0397612514665528,0.0318537297201297,0.0000040093731070835
76,0.440844179113196,-0.345724179113196,-0.053860554887557,0.0147284372410778,0.00000334255275559965
77,1.59597821380286,-1.49444821380286,-0.232926927387141,0.0155225795329937,0.0000659307634706295
78,1.08213008913452,-0.995060089134522,-0.155029330281443,0.0147927167449472,0.0000278141196742393
79,0.397672069734954,-0.341212069734954,-0.0531440321712107,0.0142250349205278,0.00000314138042024034
80,0.453128620879187,-0.369258620879187,-0.057587321471426,0.0167906901213004,0.00000436527752168179
81,-0.684745648487562,0.725875648487562,0.11265235383929,0.0071339956316575,0.00000702829532138655
82,0.386146726294638,-0.341526726294638,-0.0530990828869723,0.0107333580246353,0.00000235793737700644
83,-0.0482647148110259,0.0848547148110259,0.0131703475200647,0.00735681308147632,0.0000000990898876712685
84,0.38229185296328,-0.34678185296328,-0.0538119450957669,0.00689898241720001,0.00000155054687538724
85,-0.459713810925245,0.510303810925245,0.0792242573135086,0.00783857828309845,0.00000382211931886447
86,-0.992178704776685,1.04952870477668,0.162950819505709,0.0079478371755731,0.0000163961762126267
87,0.421839748120653,-0.369959748120653,-0.0575093080222217,0.0103739664125161,0.00000267230211150059
88,0.619020566482005,-0.547510566482005,-0.0851477688390219,0.0112639002227,0.00000636629872572717
89,-0.056789858315609,0.113389858315609,0.0177196287565806,0.0207919145165593,0.000000513886151996957
90,-1.07906735153264,1.13208735153264,0.176207897974104,0.0128751883751911,0.0000312135612950105
91,0.602208498072442,-0.555368498072442,-0.0864889040976756,0.0139843136080846,0.00000817730092844875
92,0.635612894147353,-0.596292894147353,-0.0929412550192283,0.0156595013670121,0.0000105920611655267
93,1.84518320694741,-1.80315320694741,-0.2822458383696,0.0238512498792996,0.000150009369139955
94,0.988077819222148,-0.959327819222148,-0.150543979830269,0.0289025313551888,0.0000519898188588533
95,2.59863767021081,-2.55569767021081,-0.400661188583749,0.0267114637369931,0.000339474701555059
96,-0.858900315203124,0.980940315203124,0.152714682331488,0.0133123480448726,0.0000242523839323619
97,1.03190257804694,-0.916862578046939,-0.14291127075098,0.0156963707227583,0.0000251028805381408
98,-2.57144595226158,2.69227595226158,0.422194589229319,0.0272378651645864,0.000384567771473269
99,-3.90599680869295,3.98786680869295,0.627264346984678,0.0326964481726804,0.00102430735823864
100,-1.48553769093676,1.55413769093676,0.242433693315983,0.0171654066220766,0.000079112699453408
101,-0.0346332133459116,0.183293213345912,0.0285783590161677,0.0163186413782686,0.00000104433991180823
102,-0.0954804425408963,0.209800442540896,0.0327037200670407,0.0158643676739883,0.00000132892246668015
103,1.9485151052984,-1.7197551052984,-0.268185566710647,0.0165293095956643,0.0000931620584801707
104,2.01426071531752,-1.80265071531752,-0.28086178202934,0.0147577484924463,0.0000910607471239572
105,1.99810562696901,-1.85850562696901,-0.28985755965289,0.0167404335582303,0.000110238194428697
106,2.8183013745278,-2.6856813745278,-0.419640251928049,0.02018149261927,0.000279476291245307
107,3.01153787560646,-2.84033787560646,-0.443780341373817,0.0200290002177404,0.000310132174323378
108,2.45754995864397,-2.32637995864397,-0.362921738154295,0.0171503086167247,0.000177105893794656
109,2.23080155460824,-2.10278155460824,-0.328344858785863,0.0190236040836171,0.000161115747820295
110,2.51143770588159,-2.24780770588159,-0.350510316532933,0.0163045522640811,0.000156920562277965
111,1.42565044945134,-1.31772044945134,-0.205519290879909,0.016862652565618,0.0000558364842135591
112,2.21528078978809,-2.11444078978809,-0.32905041745014,0.0123632206386267,0.000104448487947425
113,3.74934709978279,-3.62605709978279,-0.564979520213094,0.0143537716092602,0.000358069368522278
114,3.80696835645933,-3.58484835645933,-0.558512637729302,0.0142055742380296,0.000346259459260689
115,3.33579784267142,-3.19348784267142,-0.498055508354056,0.0163751890435723,0.00031814997776138
116,3.69929211511516,-3.52795211511516,-0.549359421819399,0.0131888404103128,0.000310711882793904
117,2.44380840034966,-2.31222840034966,-0.359484530858195,0.0104206322490958,0.000104864443963621
118,2.51884744025935,-2.36786744025934,-0.368811814346213,0.014036812728358,0.000149223034511857
119,3.14605519217719,-3.01547519217719,-0.469277879089037,0.0121722341818751,0.000209070785519413
120,2.77670323189569,-2.63194323189569,-0.409604584664942,0.0123410214661887,0.000161534057179122
121,-0.295769170588262,0.364759170588262,0.0582064677624412,0.0609072982191923,0.0000169370914887958
122,0.197543868593405,-0.125893868593405,-0.0200855707290896,0.0605434751332701,0.00000200399724302695
123,0.738888031304404,-0.645898031304404,-0.103051543206688,0.0605713041817166,0.0000527765737507878
124,2.55602844061464,-2.40564844061464,-0.385325069220865,0.0676556196144632,0.000830212888864774
125,1.09196003630821,-0.993470036308211,-0.15855377459199,0.0611113450317226,0.000126118035152618
126,0.222470661969523,-0.0534506619695226,-0.00852722803603093,0.0604367698224516,0.000000360520019868909
127,3.20275460829035,-2.81540460829035,-0.451477755079426,0.0696971866251299,0.00117658200973108
128,1.15095913006838,-0.891809130068376,-0.139429573090258,0.0216669632054059,0.0000331850461489576
129,0.942281125837169,-0.616851125837169,-0.0966022876694636,0.0249437635871289,0.0000184008280300763
130,1.50062418919948,-0.619374189199478,-0.0967988014102813,0.0209383400252747,0.0000154455137024977
131,-0.00189191193661925,0.341951911936619,0.0535769448421857,0.0258804877400294,0.00000587830389348132
132,-0.373472558561276,1.56641255856128,0.245353663418982,0.0251991940572553,0.000119933689713878
133,-1.30822734100807,1.89827734100807,0.297647871984124,0.0271912106337697,0.000190838893650042
134,-0.241283082757819,0.571103082757819,0.0893289765336802,0.0225673046920676,0.0000142006743168574
135,0.773333423826833,0.202836576173167,0.0317081565864275,0.02144110879833,0.00000169800841597305
136,0.77647399340963,-0.21869399340963,-0.0342354230990492,0.0242043638543982,0.00000224090595064539
137,0.824571511259898,-0.501931511259898,-0.0784750732645832,0.0217126779738202,0.0000105352162310748
138,1.00633882507244,-0.654008825072442,-0.102446553520058,0.0254204316076833,0.0000211003433745403
139,2.58481010518525,-2.33501010518525,-0.365393970240671,0.0231944028354914,0.000244297169764592
140,1.38263977645371,-0.838119776453712,-0.13117550478663,0.023758190465454,0.0000322763725950449
141,3.08562550237519,-2.79472550237519,-0.438970945927391,0.0303559206806742,0.000464805240018694
142,3.86310083722283,-2.23446083722283,-0.355197193793006,0.0534287236202291,0.000548766561991182
143,2.95760256832701,0.363447431672992,0.0582003344846419,0.0674529272304896,0.0000188849775798409
144,3.19291042922626,0.904489570773742,0.143216786666555,0.0461657618425009,0.0000765165374806163
145,4.14072105618741,-1.36098105618741,-0.216103788167592,0.0514589118118469,0.000195265920229746
146,4.1895061562218,-1.8101661562218,-0.287433807360931,0.0514294559013261,0.000345210131107517
147,1.83137084650156,0.323679153498443,0.0511343357123531,0.0418311309750655,0.00000879870876840801
148,3.45781457515302,-1.08919457515302,-0.173309493926315,0.0554427854930158,0.000135885598604847
149,2.68117143093104,-0.350181430931038,-0.0557342033539064,0.0559806457707684,0.0000141982991960561
150,2.51724353023021,0.216726469769785,0.0342381088352616,0.0418335981734727,0.00000394494768244145
151,0.389427207729929,1.26717279227007,0.200232691285842,0.0422048690655797,0.000136164211853171
152,0.266592905513508,1.22972709448649,0.194898427235973,0.0479278318870133,0.000147380327745749
153,-0.0287324152302157,1.15531241523022,0.186078138070575,0.0781202697554504,0.000226145563939989
154,0.820096848867274,1.32908315113273,0.210023306630956,0.0422684776617742,0.000150040097612221
155,0.568375795898336,0.845474204101664,0.135129930908253,0.0638417740339153,0.0000959800881394594
156,0.892354285871615,2.64265571412839,0.423663393409143,0.0692496066649226,0.00102897783049428
157,1.86942908534692,0.577250914653082,0.0914375113525201,0.0469331351208443,0.0000317348225343504
158,-2.38518910854335,3.60876910854335,0.568796596020728,0.0367805772919336,0.000951612771554939
159,1.17887152547499,0.163968474525013,0.0258405283541,0.0371601662282754,0.00000198638877437147
160,-0.846010552047314,2.27103055204731,0.360602934862026,0.0512807048851925,0.00054162470211856
161,-0.28934926518403,1.56280926518403,0.248514978984141,0.0542053519699028,0.000272793745773208
162,-4.44241157027611,5.90577157027611,0.93786418413177,0.0500852207403414,0.00356835112774281
163,-5.12150005928452,6.95527005928452,1.11252561194334,0.0630106428303117,0.00639950789807056
164,-4.68595134372901,6.20497134372901,0.995118586186936,0.0683803337668581,0.00559123146034525
165,1.45489923021851,0.787460769781486,0.12341137533886,0.02636441282983,0.0000317875509329417
166,0.989384908921139,1.93461509107886,0.303258508160646,0.0266257531995215,0.000193867643478454
167,-3.97275291559054,5.98294291559054,0.951492104738604,0.052774710890334,0.00388081555728002
168,1.30344303284886,0.49683696715114,0.0777436782423762,0.0233510295572405,0.000011138605807638
169,1.75262422064728,0.547775779352718,0.0858118279198501,0.0255638877741428,0.0000148901750224945
170,2.00171783165847,0.447812168341526,0.070171352948762,0.0261054104881664,0.000010173546896066
171,3.01533577837485,-1.80791577837485,-0.283478670867784,0.027203343078141,0.000173184300587567
172,2.34662831423751,-0.0327283142375068,-0.00513771702558182,0.0296186060961968,0.0000000621013379936911
173,3.11783674371923,-2.97869674371923,-0.466096792744476,0.0229256738496916,0.000392729457354929
174,2.70730343292249,-2.61552343292249,-0.408183354627544,0.0178242154830624,0.000232982445628697
175,2.61711949016945,-2.53264949016945,-0.395393163550844,0.0185563492179174,0.000227764463889852
176,0.549095040142945,-0.482455040142945,-0.0753141241296414,0.0187009716844647,0.00000833199730388336
177,1.80636810407304,-1.73614810407304,-0.270405887977338,0.0140808155411577,0.0000804808779617385
178,1.37168203118996,-1.31743203118996,-0.205347525840964,0.0156484400499832,0.0000516655443621932
179,1.04186137417989,-0.97544137417989,-0.151796636780627,0.0125072596272051,0.0000224942064810835
180,-1.53817929048043,1.59597929048043,0.248977923070752,0.0172952269110117,0.0000840830829093488
181,-1.19889788608084,1.26477788608084,0.198144209352568,0.0256029996313204,0.0000795099518834378
182,-1.00107485248824,1.06995485248824,0.167511774479082,0.0243354594388494,0.000053944031812048
183,-1.51139485846886,1.60242485846886,0.250756534939433,0.0233434802665605,0.000115827380699131
184,-0.727114189737402,0.827194189737402,0.129518698607062,0.0245604964625613,0.0000325555774113777
185,1.02644368179032,-0.943363681790323,-0.147819867574216,0.0260256927665492,0.0000450028058832043
186,0.274771053256786,-0.214301053256786,-0.0334220294993044,0.0168506721204175,0.0000014757094423371
187,-4.27225206773391,4.32827206773391,0.682993402720167,0.0387348776679423,0.00144750113418581
188,2.50166350071338,-2.42291350071338,-0.37951976103459,0.0250784259671097,0.00028550303063871
189,1.77194657757496,-1.64615657757496,-0.257586343766941,0.0232336163059843,0.000121633072472926
190,1.15213531346115,-1.06843531346115,-0.166945448793906,0.0204932648201858,0.0000449434861560217
191,-1.41916948765089,1.50984948765089,0.236056003574916,0.0215876601576434,0.0000947551954509363
192,-0.186929454271893,0.256039454271893,0.0399250776151395,0.0165343843137558,0.00000206565335457879
193,-1.45797002224281,1.54461002224281,0.241190142238984,0.0191435274806014,0.000087502956820084
194,-0.947738992163886,0.969608992163886,0.15124161663494,0.0171067245877721,0.000030684665618859
195,-0.7286628354664,0.7430528354664,0.115799352917999,0.0153667691290225,0.00001613046808992
196,-1.06795013896806,1.08176013896806,0.170458355966343,0.036866406171854,0.0000857222733733677
197,-0.131070131630247,0.171180131630247,0.0269006774703461,0.031685485430452,0.00000182519043276097
198,1.04254103202854,-0.995881032028545,-0.156662985887671,0.0336391832668604,0.0000658499925376996
199,-0.0763284932545526,0.114008493254553,0.0179233623241428,0.0324548213555839,0.000000830586979806028
200,-1.2479776212895,1.2794776212895,0.201941118228446,0.0399642700937802,0.00013083877548342
201,-0.721319672215355,0.739099672215355,0.116603153211304,0.0392000827590373,0.0000427563948849054
202,1.96367565080677,-1.92922565080677,-0.30370549705383,0.0348880636346571,0.000256957641440851
203,-1.71105008814578,1.73282008814578,0.272751634389754,0.0346753113119779,0.000205946530346952
204,0.541454910984631,-0.506354910984631,-0.0804064698476674,0.0516485883485868,0.0000271396291513414
205,0.19722141006374,-0.17713141006374,-0.0281509359804883,0.0532360629870891,0.00000343469095348111
206,0.267226746823176,-0.130806746823176,-0.0204175110831486,0.0184993679307426,0.00000060563365757277
207,-0.281551568817497,0.511241568817497,0.0793328991340554,0.00691425399067675,0.00000337752163888583
208,0.762018017804421,-0.510028017804421,-0.0793418267863087,0.0118457109446516,0.00000581665987469782
209,-0.648011206669095,0.783881206669095,0.123456021616393,0.0358936814772217,0.0000437363605797626
210,1.3714757754115,-0.9357657754115,-0.148662380157706,0.0524826197680431,0.0000943516371851394
211,0.581545146178535,-0.407085146178535,-0.0642586331133542,0.0402752019781288,0.0000133563809098551
212,1.90902459397929,-1.53324459397929,-0.243297387976603,0.050192127022162,0.000241079867722736
213,0.418908104497537,-0.201718104497537,-0.0318240250685707,0.0392376821399455,0.00000318812374161464
214,-0.853986147257479,0.994506147257479,0.154854328869444,0.0136638833483619,0.0000256043177278305
215,2.68959828841879,-2.40004828841879,-0.388556755675316,0.0873593578258491,0.00111358602546061
216,-0.289266756894958,0.487286756894958,0.0756970196555762,0.00904886468633738,0.00000403304271942844
217,0.952507668536031,-0.906907668536031,-0.14308285556745,0.0392629316909139,0.0000644872367429332
218,0.19609207862793,-0.12596207862793,-0.0196216383037678,0.0145264517546866,0.000000437444772010458
219,2.19380474288016,-2.08311474288016,-0.3288800852261,0.040417710111997,0.000351081246773982
220,0.620602712458868,-0.506352712458868,-0.0799583057685103,0.0409962965350649,0.0000210661090918455
221,2.86447003512134,-2.50638003512134,-0.395782836229266,0.0407016273532744,0.000512120538359967
222,4.90974940259651,-4.50203940259652,-0.714086531981153,0.0485142152812788,0.00200196728427065
223,2.26741486405817,-1.64385486405817,-0.258998751872967,0.0365563154473748,0.000196160102590315
224,2.0304651443737,-1.4157651443737,-0.22013583997383,0.0108111291529245,0.0000408196272444747
225,-0.233849576752469,0.549179576752469,0.0861404196175908,0.0280210360353788,0.0000164881983476211
226,-1.02544726900702,1.55237726900702,0.245586439518494,0.0444035106474811,0.000215991547765949
227,0.736043030603871,-0.353903030603871,-0.0553504764404528,0.0223935311939076,0.0000054092493594083
228,1.95875110353462,-1.54637110353462,-0.240549883651462,0.0116659696504674,0.0000526398672131323
229,-1.48184847458048,1.78003847458048,0.281426085013272,0.0431683943272771,0.000275376984273541
230,1.12388296852982,-0.682102968529819,-0.106627352234695,0.0213932860526538,0.0000191573302287307
231,3.10467290848091,-2.56767290848091,-0.399026043969875,0.00950345958119184,0.000117714291740848
232,1.48043833401405,-1.01747833401405,-0.158375001407203,0.0129600223414889,0.0000253840313025336
233,-0.720011488512518,1.29530148851252,0.203009796550952,0.0264020721493041,0.0000861379339996964
234,-1.83231650856987,2.16378650856987,0.340479035281983,0.0339804649731024,0.000314239161188478
235,1.20521128661557,-0.757301286615573,-0.119163237128027,0.034169614358699,0.0000387212820210601
236,3.12541489446775,-2.79496489446775,-0.434186813879919,0.00870855913849543,0.00012760576564143
237,1.69983906567182,-1.17925906567182,-0.185817732179185,0.0368140480357958,0.000101715170743545
238,0.910599668393592,-0.398769668393592,-0.062047332928677,0.0122730082428703,0.0000036871890593029
239,1.55667883999624,-1.47423883999624,-0.229393128673053,0.0122276591725673,0.00005020411209985
240,1.84339960526001,-1.75087960526001,-0.27202638674378,0.00918780709958985,0.0000528829583052482
241,2.71082161795267,-2.59753161795267,-0.404353218150862,0.0128578318577986,0.000164098272486342
242,2.75695754385768,-2.65083754385768,-0.412957295204202,0.0143063187264333,0.00019071469915261
243,1.59884162573621,-1.49594162573621,-0.232762484927924,0.0121598559991431,0.000051399438383941
244,0.492058747674974,-0.364488747674974,-0.0568305295620752,0.0163440528503264,0.00000413633357408158
245,0.646165298590352,-0.440085298590352,-0.0690727696039391,0.0292671677355133,0.0000110873809880308
246,1.28825721830771,-1.09692721830771,-0.172093172354749,0.028394392712287,0.0000667086536301799
247,-1.03446092189515,1.37429092189515,0.214320977121252,0.0166591879150432,0.0000599759373317989
248,-0.0242014712324114,0.220771471232411,0.0346537649713957,0.0294416765727484,0.00000280788395031936
249,-0.604349073345633,0.768739073345633,0.119815373409019,0.0155786629752995,0.0000175105604802015
250,-1.18324949295908,1.37397949295908,0.214387569301838,0.0177152622451373,0.0000638862335764219
251,-0.585153899644514,0.725453899644514,0.113045626226439,0.0151753340684344,0.0000151779827486629
252,-1.02114450008987,1.23523450008987,0.192675920846671,0.0170934390576824,0.0000497597048973497
253,-3.28604961426984,3.36825961426984,0.529713505186503,0.0325864491531455,0.000728111369869498
254,-5.37192111196945,5.74086111196945,0.921419460527887,0.0701270064574046,0.00492681326013242
255,-1.67051956171009,1.71870956171009,0.269740911945211,0.0290181973519437,0.0001675819442695
256,-1.21344207698064,1.24892207698064,0.195890978245687,0.0278993973405817,0.0000848822870839858
257,-1.17404097573346,1.18942097573346,0.187405331031078,0.0366727825895557,0.000103048429789943
258,-0.583896164111678,1.19543616411168,0.189662939647651,0.0499310988829666,0.000145709440028825
259,1.89939518752141,-1.23588518752141,-0.194290690959143,0.0323437305480214,0.0000972474282722522
260,2.6478781932859,-1.9912281932859,-0.313619556879184,0.0358199745761192,0.000281595083899876
261,2.34687687896701,-1.80676687896701,-0.283417602168083,0.0280206754044245,0.000178460775843437
262,0.14182587377163,0.39229412622837,0.0616987017667104,0.0332583148822682,0.0000100943172806584
263,-0.89999509301859,1.42013509301859,0.22476711853798,0.0452847027635702,0.000184687315205066
264,3.29436326927802,-2.46910326927802,-0.387978154368436,0.03120399056808,0.000373592332791546
265,1.72371432385558,-1.17364432385558,-0.184273287069136,0.0299061785458494,0.0000806827031690574
266,3.99682061624409,-3.23520061624409,-0.51200041199582,0.0447244223165764,0.000945504964409653
267,3.60852066653596,-2.82282066653596,-0.443420039239239,0.0305062895840223,0.000476694304987414
268,-0.412218760020625,0.990558760020625,0.156565062338554,0.0427443496125686,0.0000843640290332424
269,-0.53972881042763,1.08022881042763,0.169256767280029,0.0259074059325181,0.0000587258010150376
270,1.2254204285595,-1.1347704285595,-0.179281717390862,0.0419064660400505,0.000108356565203757
271,1.33099717419104,-1.03183717419104,-0.160467684590517,0.0112069089878398,0.0000224942402436155
272,-0.197558429024586,0.359668429024586,0.056143125548394,0.0185915995350725,0.00000460252165025496
273,0.805931890048492,-0.691331890048492,-0.107469667926296,0.0104287064468449,0.00000938174096369948
274,-2.27918669251659,2.50106669251659,0.395224215683557,0.0420632420068034,0.000528510477465218
275,-0.449608466705548,0.506048466705548,0.0800052912742157,0.0432731083289163,0.0000223151775235449
276,0.247405555499615,-0.151365555499615,-0.0235663214406755,0.013478532877682,0.00000058486771717486
277,-0.687708101409117,0.792398101409117,0.124904697273451,0.0375490457982617,0.0000469140075107189
278,-1.26375787682593,1.32502787682593,0.209089236120393,0.0395808882716832,0.000138863456082321
279,1.37359666457389,-1.29381666457389,-0.201592371896238,0.0149263792266674,0.0000474609649888212
280,0.859285772137395,-0.648905772137395,-0.101270462659619,0.0181565095150111,0.0000146179036849771
281,-1.5533194053112,1.5890994053112,0.248740814554158,0.0238913450630515,0.000116713312215387
282,-0.306960891277881,0.344010891277881,0.0535888842395575,0.0145535799691017,0.00000326905463829117
283,-3.23587006926125,3.29716006926125,0.52098690486252,0.0416999722370343,0.00090988565423756
284,-2.82663659100272,2.84164659100272,0.454506371351245,0.0648570304225252,0.00110386294064859
285,-0.332890414446319,0.341950414446319,0.0536576062696229,0.028815488732807,0.00000658449927087694
286,0.0507139878652493,-0.0397539878652493,-0.00620163709696984,0.0173830220803128,0.0000000524435577239586
287,-0.270321338641166,0.289971338641166,0.0455048908391574,0.0289729082335833,0.00000476226473321903
288,1.71311740734161,-1.67440740734161,-0.260896746310401,0.0148994700177316,0.0000793425178986616
289,2.02955054453856,-1.98365054453856,-0.309421702244623,0.0170106336126416,0.000127681263795932
290,1.92100238713125,-1.87803238713125,-0.292486305078386,0.0139336999133703,0.0000931610479250286
291,2.04295260429477,-2.00793260429477,-0.317629012317185,0.0441659284270355,0.000359248202152516
292,0.319047797866812,-0.240187797866812,-0.037964836413196,0.0428596761050827,0.00000497477598489519
293,2.22368213013715,-2.18753213013715,-0.346043617228063,0.044152938149997,0.000426251245705043
294,-0.692570484875495,0.775220484875495,0.121875890670511,0.0324720657659382,0.0000384244237479237
295,-0.0503147366745266,0.132304736674527,0.0207412438942778,0.0269904687302757,0.000000919816113761986
296,-2.17501345227249,2.30433345227249,0.361988384722088,0.0307126257891268,0.000319945846141302
297,-1.7874824741619,1.8412024741619,0.28894304055324,0.0288465928516371,0.000191115512022177
298,0.0344807369520053,0.106549263047995,0.0167620142692461,0.0337616683362354,0.000000756711379601387
299,1.86301953200991,-1.79835953200991,-0.281763891530246,0.0257106207754387,0.000161459520576768
300,0.847018500440985,-0.791408500440985,-0.123771150434865,0.0222864945111204,0.0000269149728273145
301,1.8172195524729,-1.7730495524729,-0.277921423699666,0.0265774642727346,0.00016252736221698
302,3.84370718187049,-3.80833718187049,-0.592764868844467,0.0122399736879185,0.000335368575945625
303,2.71917033332255,-2.62651033332256,-0.409048865545502,0.01374086315947,0.000179623913049486
304,1.02283574186754,-0.922835741867541,-0.143657129861551,0.0131567272774234,0.000021206759245476
305,1.77629636437136,-1.72114636437136,-0.269004490735626,0.0209250374210843,0.00011919113399657
306,4.0039710411629,-3.9491810411629,-0.617706940511499,0.0218142552020907,0.000655368868500578
307,3.33029411588071,-3.25526411588071,-0.510095658117721,0.0256065571087254,0.000526779585564797
308,4.17944247122969,-4.13012247122969,-0.647084578000631,0.0249907451701239,0.000826535630892634
309,-0.151493031201703,0.644473031201703,0.100371352117755,0.0140965954949289,0.000011102709894865
310,0.957920405168693,-0.608520405168693,-0.0944704277647253,0.00779381117814058,0.00000540343956386043
311,2.24771208373542,0.387767916264578,0.060782764968619,0.026756237448339,0.00000782887789142585
312,0.590475489167454,0.199934510832546,0.0311356834071345,0.0139587006117265,0.00000105780179818279
313,1.69111344243654,-1.42942344243654,-0.22214250025827,0.00976659620337009,0.0000375114522488962
314,0.401991983331651,-0.132611983331651,-0.0206050770738948,0.00950347835034964,0.000000313990285048632
315,-0.0487600971066359,0.417960097106636,0.0648886883136729,0.00786471614473217,0.00000257267481843861
316,1.05093108748953,-0.797371087489533,-0.123884712546385,0.00931723740861462,0.0000111253301342277
317,1.71936935737532,-1.40109935737532,-0.217519932658677,0.00775930037271633,0.0000285167710192756
318,0.840756847819425,-0.595536847819425,-0.0923688460071182,0.00594755653467195,0.00000393469660398414
319,0.226540757794125,0.175479242205875,0.027197828352956,0.00455052414230763,0.000000260644442326159
320,0.380416483252428,0.0950535167475717,0.0147366870547653,0.00511616545146407,0.0000000860815743001468
321,-0.37939745306838,0.54699745306838,0.08489659568312,0.00726817389722154,0.00000406729823008718
322,-0.30430428991856,0.48589428991856,0.0754233856499146,0.00754210376207272,0.00000333216041717865
323,0.0151867452792894,0.335953254720711,0.0521773558440045,0.00863975026625321,0.00000182881545387825
324,0.7639229787115,-0.4800029787115,-0.0745940641230112,0.00980720169435899,0.00000424783300862908
325,-0.972851726705016,1.31394172670502,0.204184927715098,0.00967629664430219,0.0000313964847301645
326,-1.70088197856826,1.89274197856826,0.295780434685671,0.0206076959721275,0.000141864222831503
327,-1.28716109709351,1.59063109709351,0.247690494801768,0.0136979552094444,0.0000656672459215592
328,-0.34605511908288,0.58708511908288,0.091264928110638,0.0104512581106266,0.00000678063436682216
329,0.223207804924576,-0.157037804924576,-0.0247394181068015,0.0364693426046563,0.00000178557987369107
330,-0.568285091545578,0.635525091545578,0.100243557082035,0.0388374036285118,0.000031296506280093
331,-0.507885143500347,0.553325143500347,0.0870578436993883,0.0339775608383257,0.0000205471963251964
332,-0.205170632854894,0.255400632854894,0.0397540308244886,0.0129968951550811,0.00000160405961975173
333,-1.14106081537268,1.17572081537268,0.18296073604852,0.0124531905544366,0.0000325347637608465
334,-2.27276612472906,2.32359612472906,0.363585954961122,0.0230793486335018,0.00024065796723273
335,-1.79827772321866,1.83565772321866,0.287136393098772,0.0225034628478138,0.000146277085799524
336,-1.40081707755911,1.44042707755911,0.225092502935247,0.0206436569096569,0.0000823117234943671
337,-0.152504029136202,0.186774029136202,0.0291181660746076,0.0161220848610119,0.00000107089217151913
338,-0.210491173708566,0.240901173708566,0.0375594417407373,0.0162690258581869,0.00000179829393493582
339,-0.0224610978762776,0.0555210978762776,0.00866259040519139,0.0176729060880537,0.000000104060475273727
340,0.446943361184534,-0.391973361184534,-0.0610971173314163,0.0157385240414061,0.00000460076577352612
341,0.428696063322622,-0.367186063322622,-0.0572119960690254,0.0149991776642067,0.00000384185200841072
342,-3.33044335778036,3.34345335778036,0.521237020536734,0.0155462606373828,0.000330521600298461
343,-2.01705249089151,2.04203249089151,0.324402902029982,0.0522708369786977,0.000447291093694376
344,1.66435205131062,-1.63892205131062,-0.255347261678733,0.0147481377918863,0.0000752199854614796
345,-0.905105041079142,0.935595041079142,0.145796537751442,0.0152280044883918,0.0000253350303653205
346,-2.84724520380559,2.87837520380559,0.451890333165036,0.0293906957237084,0.000476419759913797
347,-2.56037211625575,2.62199211625575,0.411878108070531,0.0305830894003167,0.000412379364302274
348,0.0656213062622746,-0.0469213062622746,-0.0073589568378712,0.0278276820655971,0.000000119482612520347
349,0.351282703502482,-0.336272703502482,-0.0526238920046024,0.0235381694483934,0.0000051454026146194
350,-4.98154925176985,5.01053925176985,0.787751911363586,0.0313364524338675,0.00154542111886805
351,-4.44562751968819,4.50773751968819,0.707777557939713,0.0290404040382305,0.00115369647959214
352,-3.61230377440852,3.69180377440852,0.584502482239328,0.0453558991642616,0.00125026479884217
353,-2.50508528156847,2.57752528156847,0.407196838029418,0.0415290891989323,0.00055357235105572
354,-3.19455239088367,3.21164239088367,0.517059264131802,0.0769076094766909,0.00171596064773713
355,-2.34961788847257,2.39262788847257,0.381038771633823,0.0568611109863362,0.00067450992856778
356,-3.04825014963953,3.15484014963953,0.502448379977433,0.0567427950740206,0.00116998197484921
357,10.4737227219811,-1.4907627219811,-0.235406100186075,0.040895204058456,0.00018210895107842
358,8.74732547415324,-4.89762547415324,-0.775110859012073,0.0441075463025359,0.00213422383124961
359,7.8965512447626,-2.6947812447626,-0.427102147214559,0.0476862833951729,0.000703808355320618
360,9.11767077245952,-4.85636077245952,-0.759665739952325,0.0215887510730202,0.00098034856924811
361,8.07716213281662,-3.53524213281662,-0.554555286663011,0.0275763058962169,0.00067179588977815
362,10.2181211994415,-6.38128119944146,-0.996326343451082,0.0170681210864292,0.00132595452541288
363,9.09569043634733,-5.41747043634733,-0.85249250219176,0.0328618340114264,0.0019005611331542
364,10.2529940634465,-6.03060406344653,-0.95462302791491,0.0439138624998066,0.00322035105439134
365,10.2281570965408,-6.75387709654076,-1.09852550072988,0.0938805285944455,0.00961357451936961
366,7.08376791321249,-2.52789791321249,-0.4151937421865,0.113241968129541,0.00169625132551047
367,10.0089918800135,-6.31204188001353,-0.991643468382098,0.0291965457735394,0.00227500618189715
368,10.0638009871825,3.45839901281747,0.556067218798506,0.0744412417191035,0.00191571017758159
369,3.62304816659212,1.27517183340788,0.211052637122301,0.126966920875688,0.000499275897887765
370,3.91844898109462,1.75153101890538,0.28222753394564,0.0788237460143826,0.000525268379866491
371,4.17659564844107,2.36216435155893,0.379626922425848,0.0738764354885811,0.000885854255510846
372,5.44235171047972,3.78994828952028,0.610021780722412,0.0762812312336224,0.00236689350154825
373,3.99267038073636,4.27457961926364,0.69588865832015,0.0968287933837597,0.00399783774759962
374,15.7142528422838,-4.60615284228377,-0.726099314679198,0.0366473501772781,0.00154426797447988
375,15.7130669420779,2.78513305792209,0.44410655055181,0.0591354029302114,0.000955122756117956
376,13.8314248109496,5.77767518905038,0.905841828085232,0.0255473611383501,0.00165540709083184
377,14.9910878016104,0.296912198389585,0.0462984793634706,0.0165324270455485,0.00000277745221955457
378,14.9187865023617,-5.09529650236167,-0.795159254517022,0.0168405131203408,0.000833720123662435
379,15.0162516143592,8.63194838564075,1.34643347363104,0.0135372083460341,0.00191055416808871
380,15.2873434813158,2.57935651868418,0.401542237713878,0.0129523770819008,0.000163030929538037
381,15.0536506851555,73.9225493148445,13.5623297802414,0.0239731208542922,0.253471351363818
382,15.1046862557701,0.769713744229943,0.119942086069963,0.0151649158279848,0.0000170744001010432
383,14.3803873964905,-5.1933673964905,-0.807652932217156,0.00994462300522694,0.000504360927661724
384,14.3313963104794,-6.3389163104794,-0.986441919936465,0.0105801637760861,0.000800451809391546
385,15.3218192572011,4.76308074279894,0.747441664434388,0.0278133084216282,0.0012305611102879
386,16.2782843117389,0.533515688261137,0.0832687045299538,0.0183144027468233,0.00000997048538114644
387,14.7646485820368,9.62915141796322,1.50857304099235,0.0212244508294221,0.00378634567795217
388,16.1377143167368,6.45938568326316,1.01142787695151,0.022649846739926,0.00182356530283868
389,15.1750527410999,-0.841352741099909,-0.131503291302059,0.0211102674274862,0.0000287446090720819
390,13.714277790608,-5.56253779060798,-0.865465733580704,0.0106672268095245,0.000621565178676323
391,12.4068807873705,-5.44473078737053,-0.84684098300951,0.0100410643546078,0.000559850670626919
392,10.834061976181,-5.54101197618095,-0.863445703561139,0.0137177076904654,0.000798052091902989
393,14.5173503367941,-2.93945033679406,-0.457785049701102,0.0136534786549062,0.000223506689191397
394,12.9359505316206,-4.29119053162057,-0.667659135850925,0.0112765442070628,0.000391521790770163
395,13.1567806274124,0.203019372587557,0.0315674189144733,0.0109158987436148,0.00000084769966058071
396,13.5965311418905,-4.87978114189051,-0.759652499658338,0.0120945935551827,0.000543920256221405
397,14.0512322432417,-8.17918224324171,-1.27403644416702,0.0111691068472172,0.00140853665459034
398,14.6354462910588,-6.96342629105878,-1.08463158063364,0.0120062282263355,0.00109930483178033
399,16.8463741546052,21.5054258453948,3.39570455519254,0.0184040201629561,0.0162823558497795
400,16.7330794025585,-6.81652940255854,-1.06902177054782,0.0254667712650247,0.00229657799209386
401,16.4195454766673,8.62655452333266,1.34774690602992,0.0166819584688584,0.00236650678496537
402,15.4109636757816,-1.1747636757816,-0.183248135675338,0.0171504222359452,0.0000451622650170363
403,14.3039682476049,-4.70825824760488,-0.732731094597562,0.0115823335016016,0.000484406106569577
404,14.3405411154635,10.4611588845365,1.63292555287108,0.0132441684108884,0.00274371424306037
405,15.5728242225699,25.9563757774301,4.11311082597737,0.0149341910576815,0.0191123156170568
406,15.999737306028,51.921062693972,8.68847558880042,0.0150179608216598,0.076915785580154
407,14.1485362313918,6.56766376860821,1.03487039284321,0.0347723751413668,0.002967363037055
408,9.88776684463686,2.06333315536314,0.323223114156748,0.0253209549556385,0.000209155614080213
409,14.6762905281526,-7.27240052815256,-1.13792437643977,0.0207224431160029,0.00210648767673132
410,12.254841096365,2.18345890363498,0.341462829007817,0.021993792351631,0.000202060271520457
411,13.0278295921946,38.1079704078054,6.21787326639645,0.0311952113325152,0.0889653736836485
412,14.5358975769337,-0.485197576933676,-0.0757097193301153,0.0178573748010405,0.00000803303632703229
413,14.9043029257724,3.9066970742276,0.620744352269897,0.0520848957126943,0.0016306711088093
414,13.5684337320567,15.0873662679433,2.37099691085772,0.0206575932868967,0.00903673317595102
415,16.535129891394,29.210970108606,4.7042042452977,0.0364758590384366,0.0617939957780014
416,16.5555384675831,1.5290615324169,0.23945462655293,0.0248091975754415,0.0001124235875725
417,16.2790828426468,-5.44488284264682,-0.854488630282463,0.0276019853649087,0.0015951563735903
418,15.0049184633784,10.9356815366216,1.70764081270248,0.0134920100564155,0.00305591409194353
419,14.7658619967297,58.7682380032703,10.0332330739116,0.0117113619088404,0.0763306791867007
420,15.3337013542883,-3.52140135428827,-0.552701249220474,0.0286958293161377,0.00069520568898227
421,12.0903234923015,-1.00292349230146,-0.155988290968591,0.0114273008766398,0.0000216788397863192
422,12.4682346153467,-5.44564461534672,-0.847412374257359,0.0110418020124078,0.000617101592891852
423,11.5332143233455,0.514985676654451,0.0802340559486065,0.0148235660401191,0.00000746601664053198
424,14.6540192938531,-7.60359929385315,-1.18544031506642,0.0133723926361113,0.00146391218668801
425,14.1077304636155,-5.31561046361552,-0.829739742681574,0.0171995853488993,0.000927401086460183
426,15.2563965584211,0.603903441578944,0.0939396569033926,0.0117191379211187,0.00000806573397649024
427,14.4807951268944,-2.23359512689437,-0.349394289487079,0.0224914322983225,0.000216450635300877
428,13.5681729804387,24.0937270195613,3.81060083464202,0.0157879955211121,0.0174394040551112
429,14.4390299555845,-7.0719199555845,-1.10204420777564,0.0128505665571111,0.0012156404344757
430,15.1942061883952,-5.85531618839522,-0.913155962194673,0.0151235748254483,0.000985293617962179
431,14.0484179324908,-5.55628793249082,-0.866303088539376,0.0147935621596547,0.000867284840561809
432,14.6831127231061,-4.62081272310613,-0.7226427917333,0.0212187759089692,0.00087168543957672
433,12.8261592413127,-6.38210924131275,-0.996620496890479,0.0173921349109368,0.00135236798479806
434,12.3982988114311,-6.81722881143106,-1.06162036696484,0.0116597179098111,0.00102250345069286
435,12.7700366006671,1.14336339933289,0.178043421929581,0.0137654502447035,0.0000341014273559121
436,13.6151755447997,-2.45477554479965,-0.383098193053454,0.0178712458653917,0.000205785866359163
437,13.7458916922493,0.674908307750722,0.105247524352545,0.016643316863242,0.0000144504467021838
438,14.9993331756104,0.17786682438955,0.027732083136876,0.0163035129565456,0.000000982478023805341
439,16.0846074586268,-2.40650745862685,-0.378807937495592,0.0346196478217363,0.000396528263895247
440,13.3747683113231,-3.9841383113231,-0.61974960408496,0.0109671153720636,0.000328030142215826
441,13.8458157424983,8.20528425750174,1.27795581159545,0.0109224458135795,0.00138554443565196
442,12.1983420808011,-2.47416208080112,-0.384952064306044,0.0118808840904386,0.000137296807846015
443,11.4466400685956,-5.78027006859555,-0.899764988209295,0.0114750321187171,0.000723184108504626
444,12.6145120444567,-2.64797204445675,-0.412055865953764,0.0121296166782802,0.000160637866528181
445,14.0023017950286,-1.20000179502855,-0.186631762189601,0.0113127150688048,0.0000307175612173757
446,14.0972050283773,-3.42540502837725,-0.534284256061714,0.0165177191255575,0.000369330223952992
447,12.3951559659813,-6.1070859659813,-0.950736303876832,0.0114910896397766,0.000808429388076391
448,12.5295900816993,-2.60474008169931,-0.405557428593952,0.0132554148034151,0.000170249794020873
449,12.5952650061718,-3.26617500617182,-0.507695312694678,0.0097711296296599,0.000195941531872601
450,13.2248963907101,-5.69888639071011,-0.886990629987201,0.0112844109215483,0.000691019205326779
451,12.9506528637266,-6.23293286372665,-0.97211827787386,0.0150468313225701,0.00111063863609098
452,12.4989486285785,-7.05780862857854,-1.0997978116725,0.0127754213886695,0.00120353039331012
453,12.0041693922931,-6.91399939229306,-1.07569288729954,0.0097660619943908,0.000877559410331136
454,12.153898409007,-3.905808409007,-0.611393201015885,0.0233341050239315,0.000687851938615081
455,12.6077529782284,-3.09412297822835,-0.482003233287579,0.0141387545450916,0.000256701672299494
456,12.643110254124,-7.89074025412404,-1.22974092342093,0.0124101557217958,0.00146027108508487
457,12.5803008100214,-7.9114708100214,-1.2312904529225,0.00970368405947753,0.00114154956114973
458,11.8971967796699,-3.69661677966987,-0.575017586621701,0.0110509935857034,0.000284600973382182
459,11.7132899338945,-3.96105993389447,-0.616353426229938,0.0115972846621779,0.0003433090682519
460,10.306086834727,-3.50491683472702,-0.545495658250765,0.0121956153017127,0.000283003132280568
461,11.843670610089,-7.031540610089,-1.09600702832409,0.0133369240574746,0.00124851250166044
462,11.1396538691827,-7.4465438691827,-1.1596927412845,0.0113451936814544,0.00118633145398814
463,10.4500701276261,-3.79515012762612,-0.590710275631745,0.012238036346325,0.000332996027359087
464,9.83185885164726,-4.01070885164726,-0.625705320957364,0.0167056282815897,0.000512285389867805
465,10.2178294626647,-2.37850946266469,-0.370141131129327,0.0122853027526547,0.000131312656836616
466,10.3014405075394,-7.13784050753935,-1.11558871052868,0.0185726288874274,0.00181077595278374
467,11.2064747187755,-7.43149471877552,-1.15613828737245,0.00928990557377844,0.000963483897247673
468,12.8292736448911,-8.40699364489108,-1.31206061329901,0.0147961356297608,0.00198587321755952
469,12.0252305000948,3.55046949990519,0.5527200536761,0.0126611202313869,0.000301776360974555
470,11.3013258482467,1.77377415175326,0.276536367943907,0.0159998637002802,0.0000958289213414374
471,11.6078013142426,-7.25901131424262,-1.13099278825324,0.0123604956907967,0.00123074454254015
472,11.6436862665018,-7.60527626650177,-1.19071559977785,0.0216389792436288,0.00241014108961395
473,10.9297471464787,-7.36106714647866,-1.14726124470213,0.0129191633063843,0.00132429425714462
474,9.47988429158677,-4.83299429158677,-0.754640765068588,0.0180486635367416,0.000805882402140311
475,13.3030237220466,-5.24723372204656,-0.819024715431313,0.0171345920432673,0.000900161587203845
476,14.9273970569353,-8.5342770569353,-1.33388394840837,0.0175722113517221,0.00244417674166417
477,13.2333951978281,-8.36198519782809,-1.30291002900148,0.011625910768036,0.00153382941119228
478,14.5942402719538,0.429159728046162,0.0668697203943772,0.0150404819238572,0.0000052630428071265
479,13.5510700711195,-3.31807007111954,-0.516244012071386,0.0116022139896358,0.000241002995200217
480,11.6288257002121,2.70487429978791,0.420805013050939,0.0116194945905505,0.000160400996285612
481,10.3012015037193,-4.47719150371935,-0.699391355493128,0.0190702406070586,0.000732260628251319
482,10.1352272552573,-4.42704725525727,-0.692981762443678,0.0231139144091863,0.000874959516241678
483,9.86177311511305,-4.13061311511304,-0.647372909436917,0.0256268632772574,0.000848883079895402
484,9.55731830874107,-6.73893830874107,-1.05698123565845,0.025753197986209,0.00227117260124641
485,10.1649247380576,-7.78635473805763,-1.21830737918219,0.0202881480981874,0.00236204433245255
486,9.64768963507054,-5.97401963507054,-0.933092073832111,0.0180538300410535,0.0012316895880009
487,11.0235989137059,-5.33184891370591,-0.83050470523528,0.0130039506798781,0.000699478136280429
488,10.4930904794494,-5.65742047944939,-0.883073144774463,0.0169697155758303,0.00103598072465927
489,0.419230973637095,-0.268370973637095,-0.0431462648156918,0.0748293572531936,0.000011605755093486
490,3.08040001680408,-2.89703001680408,-0.466003779018403,0.0753991550092994,0.00136438798740609
491,3.36124060980933,-3.15378060980933,-0.509495982435217,0.0832603082143977,0.00181628037859003
492,1.05245034601265,-0.946710346012654,-0.152282922952401,0.0757534590589119,0.000146499127228583
493,-1.26483739611456,1.37615739611456,0.221667114165983,0.0782512029392461,0.00032149636793335
494,1.75039478673873,-1.57708478673873,-0.245727157351642,0.0148721568076764,0.0000702542889909176
495,1.52294937661176,-1.24337937661177,-0.194320367281855,0.0208718646922904,0.0000620388158373679
496,1.8163181287782,-1.6373281287782,-0.257618114511625,0.033920745433233,0.000179591307026605
497,2.84235976987233,-2.55275976987233,-0.398143021305693,0.0166296545798215,0.000206558417407394
498,2.33406100252562,-2.06568100252562,-0.320780748687225,0.00817222656431432,0.0000653383809534402
499,2.16763615775384,-1.92851615775384,-0.299750933233742,0.00998834602528675,0.0000698607943049747
500,3.0037769708408,-2.8259469708408,-0.43947053816047,0.0108219755729619,0.000162801962753559
501,3.23421786135148,-3.00983786135148,-0.467632641239501,0.00892828575899031,0.00015178124517769
502,-1.43545774134515,1.49808774134515,0.233965785623834,0.0194863614949792,0.0000838439958596084
503,-1.23172995961459,1.27699995961459,0.199425443753509,0.0194014125510881,0.0000606466171665815
504,-1.78770325259301,1.84846325259301,0.289782229683483,0.0268320729766543,0.000178432633124892
505,-1.59013476306929,1.69972476306929,0.266149920297735,0.0245554840123774,0.000137427785849136
506,0.23595607856662,-0.18854607856662,-0.0296077391841818,0.030247706270401,0.00000210755935614338
